{"cameraMode":{"drawMode":0,"name":"Shaded","section":"Shading Mode"},"sceneLighting":false,"audioPlay":false,"sceneViewState":{"m_AlwaysRefresh":false,"showFog":true,"showSkybox":false,"showFlares":true,"showImageEffects":true,"showParticleSystems":true,"showVisualEffectGraphs":true,"m_FxEnabled":true},"in2DMode":false,"pivot":{"x":0.009509418159723282,"y":-0.0881023034453392,"z":0.009145354852080346},"rotation":{"x":0.14707310497760774,"y":-0.20523466169834138,"z":0.03126842901110649,"w":0.9672524333000183},"size":0.14926469326019288,"orthographic":true}