{"cameraMode":{"drawMode":0,"name":"Shaded","section":"Shading Mode"},"sceneLighting":false,"audioPlay":false,"sceneViewState":{"m_AlwaysRefresh":false,"showFog":true,"showSkybox":false,"showFlares":true,"showImageEffects":true,"showParticleSystems":true,"showVisualEffectGraphs":true,"m_FxEnabled":true},"in2DMode":false,"pivot":{"x":-0.00016363337635993958,"y":-0.023930951952934266,"z":-0.0036049894988536836},"rotation":{"x":0.006707505788654089,"y":0.990851879119873,"z":-0.05448368564248085,"w":0.12492885440587998},"size":0.22371922433376313,"orthographic":true}