{"cameraMode":{"drawMode":0,"name":"Shaded","section":"Shading Mode"},"sceneLighting":false,"audioPlay":false,"sceneViewState":{"m_AlwaysRefresh":false,"showFog":true,"showSkybox":false,"showFlares":true,"showImageEffects":true,"showParticleSystems":true,"showVisualEffectGraphs":true,"m_FxEnabled":true},"in2DMode":false,"pivot":{"x":1.3980592489242554,"y":1.1277157068252564,"z":5.163240909576416},"rotation":{"x":0.7018111944198608,"y":-0.006268961820751429,"z":0.006012636236846447,"w":0.712404191493988},"size":8.940398216247559,"orthographic":false}