{"cameraMode":{"drawMode":0,"name":"Shaded","section":"Shading Mode"},"sceneLighting":false,"audioPlay":false,"sceneViewState":{"m_AlwaysRefresh":false,"showFog":true,"showSkybox":false,"showFlares":true,"showImageEffects":true,"showParticleSystems":true,"showVisualEffectGraphs":true,"m_FxEnabled":true},"in2DMode":false,"pivot":{"x":0.06869778037071228,"y":-0.012608326971530915,"z":0.09650193899869919},"rotation":{"x":0.5362088680267334,"y":-0.08976735919713974,"z":0.05752384662628174,"w":0.8376578092575073},"size":3.724665880203247,"orthographic":true}